<?xml version="1.0" encoding="UTF-8" standalone="yes"?>
<addon id="plugin.video.play" name="[COLOR forestgreen][B]Play[/COLOR][/B]" version="0.1.5" provider-name="Insomnia">
	<requires>
		<import addon="script.module.six" />
		<import addon="script.module.kodi-six" />
		<import addon="script.module.beautifulsoup4" version="4.5.3"></import>
		<import addon="script.module.requests" optional="true"/>
		<import addon="script.module.websocket" version="0.50.0"  optional="true"/>		
		<import addon="script.embuary.info"/>		
		<import addon="inputstream.adaptive"/>
		<import addon="plugin.video.imdb.trailers"/>
		<import addon="resource.language.es_es"/>
		<import addon="script.module.dateutil" optional="true" />
		<import addon="script.module.resolveurl" optional="true"/>
		<import addon="script.module.urlresolver" optional="true"/>
	</requires>	
	<extension point="xbmc.python.pluginsource" library="default.py">
		<provides>video</provides>
	</extension>	
	<extension point="xbmc.addon.metadata">
		<summary>livestreamspro- shamelessly forked from livestreams but added many things</summary>
		<description>
Te avisa de que tienes que actualizar
avisa el cajon de pleiculas en estreno
Cambia de idioma, configura todo automaticamente y foto skin
corregidos los errores en andorid del modo de visualizacion
Ahora ademas el cambio de modo de vision es compatible con android
Ahora el modo de vision esta configurado al gusto
Tres opciones de trailer
Ahora salta mi cajon cuando toque
Añadir Source funciona, cambiado icono fondo
ahora metemos novedad de futuras pelis
ahora podemos activar el addon panel central o en configuraciones
Ahora antes de ver peli podemos ver trailers 
Ahora vidoza,petir,drain,trailers estan ok
Ahora podemos disfrutar de las carpetas 		
Ahora se ven los videos segun los subes		
In addition to what livestreams allowed you to do, you can now,
1. call regex in regex,
2. multiple regex in page, regex in session, also htmlunescape responses
3. create session from one regex and pass onto next in line
4. save sessions to a file and open again later
5. write python code in .py file, put in the profile directory and then call from your regex.
6. use epoctime, guid and unpack as functions already defined.
7. Use it to post values to the pages to get the proper responses
8. support many headers, like origin, X-Requested-With
9. you can now append cookies in response and then read in regex using includeheaders
10. You can now link to another web url via your xml using externallink
11. support for google captcha, now you can show and then post the text		
		</description>
		<platform>all</platform>
		<assets>
			<icon>icon.png</icon>
			<fanart>fanart.jpg</fanart>
		</assets>
	</extension>
</addon>
