<?xml version="1.0" encoding="utf-8"?>
<window>
    <allowoverlays>false</allowoverlays>
    <onload>SetFocus(10015)</onload>
    <controls>
        <control type="group" id="10001">
            <height>400</height>
			<centertop>50%</centertop>
			<centerleft>50%</centerleft>
			<width>915</width>
            <control type="image">
                <left>-2000</left>
                <top>-2000</top>
                <width>6000</width>
                <height>6000</height>
                <animation effect="fade" time="300">VisibleChange</animation>
                <animation effect="fade" start="0" end="100" time="300">WindowOpen</animation>
                <animation effect="fade" start="100" end="0" time="200">WindowClose</animation>
                <texture colordiffuse="80FFFFFF">DialogImage/black.png</texture>
                <visible>$PARAM[darken_bg]</visible>
            </control>
            <control type="group" description="Cuadro General">
			<width>915</width>
			<height>380</height>
			<control type="image" description="Fondo cuadro">
				<left>0</left>
				<top>0</top>
				<right>0</right>
				<bottom>0</bottom>
				<texture colordiffuse="dialog_tint">DialogImage/dialog-bg-squareish.png</texture>
			</control>
			<control type="image" description="Fondo cuadro -marco">
				<left>0</left>
				<top>0</top>
				<right>0</right>
				<bottom>0</bottom>
				<texture colordiffuse="Ffd414fc">DialogImage/box.png</texture>
			</control>
			<control type="image" description="Cuadro Encabezado">
				<centerleft>50%</centerleft>
				<top>30</top>
				<right>0</right>
				<height>50</height>
				<width max="90%">auto</width>
				<texture colordiffuse="Ffd414fc">DialogImage/focus-long.png</texture>
			</control>
			<control type="label" id="10011" description="Etiqueta encabezado">
				<left>10%</left>
				<top>20</top>
				<right>100</right>
				<height>70</height>
				<font>font32_title</font>
				<label>$PARAM[header_label]</label>
				<aligny>center</aligny>
				<shadowcolor>black</shadowcolor>
			</control>
			<!--control type="button" id="10012">
				<description>button overlay to avoid closing in dialog area</description>
				<left>0</left>
				<top>0</top>
				<right>0</right>
				<bottom>0</bottom>
				<texturefocus />
				<texturenofocus />
				<onclick>noop</onclick>
			</control-->
		</control>
            <control type="image" id="10013">
                <posy>100</posy>
                <posx>5%</posx>
                <width>200</width>
                <height>200</height>
                <texture background="true"></texture>
            </control>
            <control type="textbox" id="10014">
                <posy>100</posy>
                <posx>260</posx>
                <width>600</width>
                <height>190</height>
                <wrapmultiline>True</wrapmultiline>
                <align>left</align>
                <aligny>center</aligny>
                <autoscroll time="3000" delay="4000" repeat="5000">true</autoscroll>
            </control>
            <control type="group">
				<centerleft>50%</centerleft>
				<top>310</top>
				<height>80</height>
				<width>800</width>
				<control type="grouplist" id="9000">
					<orientation>horizontal</orientation>
					<width>800</width>
					<align>center</align>
					<top>0</top>	
					<itemgap>50</itemgap>
                    <control type="button" id="10015">
						<top></top>
						<width>180</width>
						<height>50</height>
						<label>Aceptar</label>
						<font>font25_title</font>
						<textoffsetx>20</textoffsetx>
						<textoffsety>20</textoffsety>
						<onclick></onclick>
						<wrapmultiline>false</wrapmultiline>
						<align>center</align>
						<aligny>center</aligny>
						<texturefocus colordiffuse="Ffd414fc">DialogImage/dialogconfirm.png</texturefocus>
						<texturenofocus colordiffuse="E62D2E2E">DialogImage/dialogconfirm.png</texturenofocus>
						<visible>true</visible>
					</control>
                    <!-- <control type="button" id="10016">
						<top></top>
						<width>180</width>
						<height>50</height>
						<label>Cancelar</label>
						<font>font25_title</font>
						<textoffsetx>20</textoffsetx>
						<textoffsety>20</textoffsety>
						<onclick></onclick>
						<wrapmultiline>false</wrapmultiline>
						<align>center</align>
						<aligny>center</aligny>
						<texturefocus colordiffuse="Ffd414fc">Palantir/masks/dialogconfirm.png</texturefocus>
						<texturenofocus colordiffuse="E62D2E2E">Palantir/masks/dialogconfirm.png</texturenofocus>
						<visible>true</visible>
					</control> -->
                </control>
            </control>
        </control>
    </controls>
</window>
