<?xml version="1.0" encoding="UTF-8"?>
<window>
    <defaultcontrol>3</defaultcontrol>
    <include condition="!Skin.HasSetting(InitialSetUpRun)">DefaultInitialSetup</include>
    <controls>
        <include>CommonBackground</include>
        <control type="image">
            <left>0</left>
            <top>150r</top>
            <width>1920</width>
            <height>150</height>
            <texture>floor.png</texture>
            <include>VisibleFadeEffect</include>
            <include condition="!String.IsEmpty(Skin.String(HomeTrans))">HomeTransparentEffect</include>
            <animation effect="fade" start="100" end="65" time="0" condition="String.IsEmpty(Skin.String(HomeTrans)) + Skin.String(HomeFloor,Transparent)">Conditional</animation>
            <visible>!String.IsEmpty(Skin.String(HomeFloor))</visible>
        </control>
        <control type="group">
            <left>135</left>
            <top>45</top>
            <animation type="WindowOpen" reversible="false">
                <effect type="zoom" start="80" end="100" center="960,540" easing="out" tween="back" time="225" />
                <effect type="fade" start="0" end="100" time="225" />
            </animation>
            <animation type="WindowClose" reversible="false">
                <effect type="zoom" start="100" end="80" center="960,540" easing="in" tween="back" time="225" />
                <effect type="fade" start="100" end="0" time="225" />
            </animation>
            <control type="image">
                <left>8</left>
                <top>8</top>
                <width>1635</width>
                <height>945</height>
                <texture border="15">$VAR[DialogPath]ContentPanel.png</texture>
            </control>
            <control type="image">
                <left>8</left>
                <top>938</top>
                <width>1635</width>
                <height>96</height>
                <texture border="15">$VAR[DialogPath]ContentPanelMirror.png</texture>
            </control>
            <control type="image">
                <description>LOGO</description>
                <left>98</left>
                <top>36</top>
                <width>225</width>
                <height>82</height>
                <aspectratio>keep</aspectratio>
                <texture>Xonfluence_Logo.png</texture>
            </control>
            <control type="grouplist" id="3">
                <description>button area</description>
                <left>15</left>
                <top>135</top>
                <width>390</width>
                <height>722</height>
                <itemgap>-2</itemgap>
                <onleft>5</onleft>
                <onright>5</onright>
                <onup>3</onup>
                <ondown>20</ondown>
            </control>
            <control type="button" id="20">
                <description>Setting level button</description>
                <left>15</left>
                <top>843</top>
                <height>90</height>
                <width>390</width>
                <label>10037</label>
                <textoffsetx>30</textoffsetx>
                <textoffsety>42</textoffsety>
                <align>right</align>
                <aligny>top</aligny>
                <font>font13</font>
                <textcolor>selected</textcolor>
                <focusedcolor>selected</focusedcolor>
                <include>MenuButton</include>
                <pulseonselect>false</pulseonselect>
                <onleft>5</onleft>
                <onright>5</onright>
                <onup>3</onup>
                <ondown>3</ondown>
                <onclick>SettingsLevelChange</onclick>
            </control>
            <control type="label">
                <left>30</left>
                <top>849</top>
                <height>38</height>
                <width>345</width>
                <label>31142</label>
                <font>font13_title</font>
                <textcolor>white</textcolor>
                <align>right</align>
                <aligny>center</aligny>
            </control>
            <control type="image">
                <left>402</left>
                <top>15</top>
                <width>1185</width>
                <height>927</height>
                <texture border="5">black-back2.png</texture>
            </control>
            <control type="image">
                <left>402</left>
                <top>15</top>
                <width>1185</width>
                <height>78</height>
                <texture>$VAR[DialogPath]dialogheader.png</texture>
            </control>
            <control type="label">
                <description>header label</description>
                <left>450</left>
                <top>30</top>
                <width>1089</width>
                <height>45</height>
                <font>font16</font>
                <label>$INFO[Control.GetLabel(2)] - $LOCALIZE[5]</label>
                <align>center</align>
                <aligny>center</aligny>
                <textcolor>white</textcolor>
                <shadowcolor>black</shadowcolor>
            </control>
            <control type="button">
                <description>Close Window button</description>
                <left>1470</left>
                <top>15</top>
                <onclick>PreviousMenu</onclick>
                <include>DialogCloseButton</include>
                <onleft>1</onleft>
                <onright>1</onright>
                <onup>1</onup>
                <ondown>1</ondown>
                <include>VisibleFadeEffect</include>
            </control>
            <control type="grouplist" id="5">
                <description>control area</description>
                <left>435</left>
                <top>105</top>
                <width>1125</width>
                <height>652</height>
                <itemgap>-2</itemgap>
                <pagecontrol>60</pagecontrol>
                <onleft>3</onleft>
                <onright>60</onright>
                <onup>5</onup>
                <ondown>5</ondown>
            </control>
            <control type="scrollbar" id="60">
                <left>1590</left>
                <top>90</top>
                <width>38</width>
                <height>652</height>
                <texturesliderbackground border="0,14,0,14">ScrollBarV.png</texturesliderbackground>
                <texturesliderbar border="0,14,0,14">ScrollBarV_bar.png</texturesliderbar>
                <texturesliderbarfocus border="0,14,0,14" colordiffuse="$VAR[MainColorOne]">ScrollBarV_bar_focus.png</texturesliderbarfocus>
                <textureslidernib colordiffuse="$VAR[MainColorOne]">ScrollBarNib.png</textureslidernib>
                <textureslidernibfocus colordiffuse="$VAR[MainColorOne]">ScrollBarNib.png</textureslidernibfocus>
                <onleft>5</onleft>
                <onright>3</onright>
                <showonepage>false</showonepage>
                <orientation>vertical</orientation>
            </control>
            <control type="image">
                <description>separator image</description>
                <left>435</left>
                <top>788</top>
                <width>1125</width>
                <height>3</height>
                <texture>separator2.png</texture>
                <colordiffuse>40FFFFFF</colordiffuse>
            </control>
            <control type="textbox" id="6">
                <description>description area</description>
                <left>446</left>
                <top>798</top>
                <width>1104</width>
                <height>124</height>
                <font>font12</font>
                <align>justify</align>
                <textcolor>white</textcolor>
                <include condition="Skin.HasSetting(AutoScroll) + !Skin.HasSetting(AutoScroll.Slow)">StandardAutoScroll</include>
				<include condition="Skin.HasSetting(AutoScroll) + Skin.HasSetting(AutoScroll.Slow)">SlowerAutoScroll</include>
            </control>
        </control>
        <include>BehindDialogFadeOut</include>
        <control type="button" id="10">
            <description>Default Category Button</description>
            <height>90</height>
            <width>390</width>
            <textoffsetx>30</textoffsetx>
            <align>right</align>
            <aligny>center</aligny>
            <font>font13_title</font>
            <textcolor>grey2</textcolor>
            <focusedcolor>white</focusedcolor>
            <include>MenuButton</include>
            <pulseonselect>false</pulseonselect>
        </control>
        <control type="button" id="7">
            <description>Default Button</description>
            <left>0</left>
            <top>0</top>
            <height>60</height>
            <font>font13</font>
            <textcolor>grey2</textcolor>
            <focusedcolor>white</focusedcolor>
            <invalidcolor>invalid</invalidcolor>
            <include>MenuButton</include>
        </control>
        <control type="radiobutton" id="8">
            <description>Default RadioButton</description>
            <left>0</left>
            <top>0</top>
            <height>60</height>
            <font>font13</font>
            <textcolor>grey2</textcolor>
            <focusedcolor>white</focusedcolor>
            <include>MenuButton</include>
        </control>
        <control type="spincontrolex" id="9">
            <description>Default SpinControlex</description>
            <left>0</left>
            <top>0</top>
            <height>60</height>
            <font>font13</font>
            <textcolor>grey2</textcolor>
            <focusedcolor>white</focusedcolor>
            <include>MenuButton</include>
            <aligny>center</aligny>
            <reverse>yes</reverse>
        </control>
        <control type="sliderex" id="13">
            <description>Default Slider</description>
            <left>0</left>
            <top>0</top>
            <height>60</height>
            <font>font13</font>
            <textcolor>grey2</textcolor>
            <focusedcolor>white</focusedcolor>
            <include>MenuButton</include>
            <aligny>center</aligny>
        </control>
        <control type="image" id="11">
            <description>separator image</description>
            <height>3</height>
            <texture>separator2.png</texture>
        </control>
        <control type="label" id="14">
            <description>Default Label</description>
            <left>0</left>
            <top>0</top>
            <height>45</height>
            <label></label>
            <align>center</align>
            <aligny>bottom</aligny>
            <font>font13_title</font>
            <textcolor>grey</textcolor>
            <shadowcolor>black</shadowcolor>
        </control>
        <control type="label" id="2">
            <description>Fake Label so we can pass it value down to the one below</description>
            <left>0</left>
            <top>0</top>
            <width>0</width>
            <height>0</height>
            <font></font>
            <visible>false</visible>
        </control>
        <control type="group">
            <depth>DepthFooter</depth>
            <include>CommonNowPlaying</include>
        </control>
        <include>FloorReturnButtons</include>
        <include content="CommonWindowHeader">
            <param name="Icon" value="icon_system" />
            <param name="Label" value="$LOCALIZE[5]" />
            <param name="ShowLabel2" value="true" />
        </include>
    </controls>
</window>
