<?xml version="1.0" encoding="UTF-8" standalone="yes"?>
<addon id="repository.Mackenzie" name="[COLOR forestgreen][B]Mackenzie[/COLOR][/B]" version="0.7.6" provider-name="Insomnia">
	<extension point="xbmc.addon.repository" name="Mackenzie">
		<dir>
			<info compressed="false">https://raw.githubusercontent.com/Espinete/Mackenzie/master/addons.xml</info>
			<checksum>https://raw.githubusercontent.com/Espinete/Mackenzie/master/addons.xml.md5</checksum>
			<datadir zip="true">https://raw.githubusercontent.com/Espinete/Mackenzie/master</datadir>
		</dir>
		<dir>
		  <info compressed="false">https://raw.githubusercontent.com/Gujal00/smrzips/master/addons.xml</info>
		  <checksum>https://raw.githubusercontent.com/Gujal00/smrzips/master/addons.xml.md5</checksum>
		  <datadir zip="true">https://raw.githubusercontent.com/Gujal00/smrzips/master/zips/</datadir>
		</dir>
	</extension>
	<extension point="xbmc.addon.metadata">
        <summary lang="es">Mackenzie Repository</summary>
        <description lang="es">Bienvenido al repositorio de Insomnia</description>
        <summary lang="es">Mackenzie Repository</summary>
        <description lang="es">Download and install Mackenzie</description>
        <platform>all</platform>
		<assets>
			<icon>icon.png</icon>
		</assets>
    </extension>
</addon>
