<?xml version="1.0" encoding="UTF-8"?>
<window type="dialog">
    <defaultcontrol>10</defaultcontrol>
    <include>dialogeffect</include>
    <depth>DepthDialog+</depth>
    <controls>		
        <!-- Fondo negro -->
        <control type="image" id="0">
            <left>530</left>
            <top>283</top>
            <width>900</width> <!-- Ajusta el ancho según tu pantalla -->
            <height>500</height> <!-- Ajusta el alto según tu pantalla -->
            <texture>special://home/addons/plugin.video.play/F_negro.png</texture> <!-- Ruta al archivo PNG negro -->
            <visible>true</visible>
        </control>
		<control type="image" id="200">
            <left>1290</left>
            <top>264</top> <!-- Posición de la imagen -->
            <width>90</width>
            <height>135</height>
            <texture>{foto}</texture> <!-- URL de la imagen -->
            <visible>true</visible>
        </control>
		<control type="button" id="10">
            <left>1370</left> <!-- Posición a la derecha superior -->
            <top>750</top>
            <width>80</width>
            <height>35</height>
			<texturenofocus>special://home/addons/plugin.video.play/Boton_X.png</texturenofocus> <!-- Imagen sin foco -->
            <texturefocus>special://home/addons/plugin.video.play/BotonX_iluminado.png</texturefocus> <!-- Imagen de la "X" -->
            
            <onClick>Close</onClick> <!-- Acción para cerrar el diálogo -->
			<onup>2</onup> <!-- Cuando estés en el botón de cierre y presiones "arriba", ve al botón 2 -->
            <ondown>1</ondown>
            <visible>true</visible>
        </control>
        <!-- Etiqueta centrada en la ventana -->
        <control type="textbox" id="100">
            <description>Texto de Sinopsis</description>
            <left>545</left>
            <top>415</top>
            <width>870</width><!-- Ajusta el ancho según tu pantalla -->
            <height>254</height><!-- Ajusta el alto según tu pantalla -->
            <align>left</align>
            <aligny>center</aligny>
            <font>font29_title</font>
            <textcolor>grey2</textcolor>
            <label>{Sinopsis}</label>
			<multilines>true</multilines>
            <visible>true</visible>
			<autoscroll time="3000" delay="6000" repeat="14000">true</autoscroll>						
        </control>
		<control type="label" id="101">
            <description>Texto de puntuacion</description>
            <left>957</left>
            <top>575</top>
            <width>850</width>
            <height>300</height>
            <align>left</align>
            <aligny>center</aligny>
            <font>font30_title</font>
            <textcolor>plum</textcolor>
            <label>{puntuacion}</label>
            <visible>true</visible>
			<scroll>true</scroll>
        </control>
        
        <!-- Botón configurado -->
        <control type="button" id="1">
            <description>Botón de Acción peli</description>
            <left>720</left>
            <top>300</top>
            <width>500</width>
            <height>50</height>
            <align>center</align>
            <aligny>center</aligny>
            <font>font27_title</font>
            <textcolor>white</textcolor>
            <label>{button_label}</label>
            <onClick>Action1</onClick>
			<onup>10</onup> <!-- Cuando estés en el botón 1 y presiones "arriba", ve al botón de cierre -->
            <ondown>2</ondown>
            <visible>true</visible>
        </control>
		<control type="button" id="2">
            <description>Botón de Acción trailer</description>
            <left>720</left>
            <top>350</top>
            <width>500</width>
            <height>50</height>
            <align>center</align>
            <aligny>center</aligny>
            <font>font27_title</font>
            <textcolor>white</textcolor>
            <label>{button_label2}</label>
            <onClick>Action1</onClick>
			<onup>1</onup> <!-- Cuando estés en el botón 2 y presiones "arriba", vuelve al botón 1 -->
            <ondown>10</ondown>
            <visible>true</visible>
        </control>
    </controls>
</window>








